INSEE_CO;CP;SUPERFICIE;POPULATION;prob;severite;type_evt;survenance;csq;date_bulletin;Heure_d�p�t;date_prevision;Type 
09176;09250;2655;551;40;2;Inondations pluies;Matin;;22/01/2020;7;22/01/2020;Alerte
11001;11800;1056;521;40;2;Inondations pluies;Matin;;22/01/2020;7;22/01/2020;Alerte
11092;11160;1765;81;40;2;Inondations pluies;Matin;;22/01/2020;7;22/01/2020;Alertes
09043;09600;481;727;40;2;Inondations pluies;Matin;;22/01/2020;7;22/01/2020;Alerte
11204;11240;752;36;40;2;Inondations pluies;Matin;;22/01/2020;7;22/01/2020;Alerte
11011;11600;2147;414;40;2;Inoddations pluies;Matin;;22/01/2020;7;22/01/2020;Alerte
11246;11240;447;59;40;2;Inondations pluies;Matin;;22/01/2020;7;22/01/2020;Alerte
09215;09300;557;122;40;2;Inondations pluies;Matin;;22/01/2020;7;22/01/2020;Alerte
66075;66800;2053;131;40;2;Inondations pluies;Matin;;22/01/2020;7;22/01/2020;Alerte
09227;09300;549;192;40;2;Inondations pluies;Matin;;22/01/2020;7;22/01/2020;Alerte
11014;11110;1250;1551;40;2;Inondations pluies;Matin;;22/01/2020;7;22/01/2020;Alerte
11269;11590;3017;2323;40;2;Inondations pluies;Matin;;22/01/2020;7;22/01/2020;Alerte
09314;09500;515;237;40;2;Inondations pluies;Matin;;22/01/2020;7;22/01/2020;Alerte
11285;11440;3548;1049;40;2;Inondations pluies;Matin;;22/01/2020;7;22/01/2020;Alerte
11441;11110;895;2522;40;2;Inondations pluies;Matin;;22/01/2020;7;22/01/2020;Alerte
11106;11110;2456;6050;40;2;Inondations pluies;Matin;;22/01/2020;7;22/01/2020;Alerte
09020;09460;1246;49;40;2;Inondations pluies;Matin;;22/01/2020;7;22/01/2020;Alerte
11433;11160;2458;1053;40;2;Inondations pluies;Matin;;22/01/2020;7;22/01/2020;Alerte
09211;09300;3746;124;40;2;Inondations pluies;Matin;;22/01/2020;7;22/01/2020;Alerte
11096;11340;1445;30;40;2;Inondations pluies;Matin;;22/01/2020;7;22/01/2020;Alerte
11280;11700;1029;1004;40;2;Inondations pluies;Matin;;22/01/2020;7;22/01/2020;Alerte
11405;11120;616;540;40;2;Inondations pluies;Matin;;22/01/2020;7;22/01/2020;Alerte
11084;11170;919;802;40;2;Inondations pluies;Matin;;22/01/2020;7;22/01/2020;Alerte
34020;34210;1431;426;40;2;Inondations pluies;Matin;;22/01/2020;7;22/01/2020;Alerte
11004;11240;1440;343;40;2;Inondations pluies;Matin;;22/01/2020;7;22/01/2020;Alerte
11324;11200;758;485;40;2;Inondations pluies;Matin;;22/01/2020;7;22/01/2020;Alerte
11369;11590;1256;2722;40;2;Inondations pluies;Matin;;22/01/2020;7;22/01/2020;Alerte
09327;09120;1990;225;40;2;Inondations pluies;Matin;;22/01/2020;7;22/01/2020;Alerte
09039;09500;1262;339;40;2;Inondations pluies;Matin;;22/01/2020;7;22/01/2020;Alerte
34141;34210;3118;548;40;2;Inondations pluies;Matin;;22/01/2020;7;22/01/2020;Alerte
11348;11270;1175;77;40;2;Inondations pluies;Matin;;22/01/2020;7;22/01/2020;Alerte
34190;34210;904;282;40;2;Inondations pluies;Matin;;22/01/2020;7;22/01/2020;Alerte
09262;09300;448;405;40;2;Inondations pluies;Matin;;22/01/2020;7;22/01/2020;Alerte
11247;11240;704;44;40;2;Inondations pluies;Matin;;22/01/2020;7;22/01/2020;Alerte
11212;11120;1058;475;40;2;Inondations pluies;Matin;;22/01/2020;7;22/01/2020;Alerte
11360;11120;872;1842;40;2;Inondations pluies;Matin;;22/01/2020;7;22/01/2020;Alerte
66105;66210;1937;281;40;2;Inondations pluies;Matin;;22/01/2020;7;22/01/2020;Alerte
66220;66340;2619;46;40;2;Inondations pluies;Matin;;22/01/2020;7;22/01/2020;Alerte
11366;11120;652;550;40;2;Inondations pluies;Matin;;22/01/2020;7;22/01/2020;Alerte
09131;09250;310;168;40;2;Inondations pluies;Matin;;22/01/2020;7;22/01/2020;Alerte
11286;11160;1022;1100;40;2;Inondations pluies;Matin;;22/01/2020;7;22/01/2020;Alerte
11164;11120;952;1362;40;2;Inondations pluies;Matin;;22/01/2020;7;22/01/2020;Alerte
11291;11270;1273;123;40;2;Inondations pluies;Matin;;22/01/2020;7;22/01/2020;Alerte
11425;11600;504;1649;40;2;Inondations pluies;Matin;;22/01/2020;7;22/01/2020;Alerte
66004;66210;4346;555;40;2;Inondations pluies;Matin;;22/01/2020;7;22/01/2020;Alerte
11111;11200;975;622;40;2;Inondations pluies;Matin;;22/01/2020;7;22/01/2020;Alerte
11108;11240;567;44;40;2;Inondations pluies;Matin;;22/01/2020;7;22/01/2020;Alerte
11013;11200;465;377;40;2;Inondations pluies;Matin;;22/01/2020;7;22/01/2020;Alerte
09140;09110;548;108;40;2;Inondations pluies;Matin;;22/01/2020;7;22/01/2020;Alerte
09126;09300;2554;96;40;2;Inondations pluies;Matin;;22/01/2020;7;22/01/2020;Alerte
09251;09500;683;160;40;2;Inondations pluies;Matin;;22/01/2020;7;22/01/2020;Alerte
09051;09300;1470;157;40;2;Inondations pluies;Matin;;22/01/2020;7;22/01/2020;Alerte
11024;11100;2234;852;40;2;Inondations pluies;Matin;;22/01/2020;7;22/01/2020;Alerte
11265;11140;2208;25;40;2;Inondations pluies;Matin;;22/01/2020;7;22/01/2020;Alerte
11416;11600;664;200;40;2;Inondations pluies;Matin;;22/01/2020;7;22/01/2020;Alerte
66081;66210;1570;126;40;2;Inondations pluies;Matin;;22/01/2020;7;22/01/2020;Alerte
09213;09500;289;217;40;2;Inondations pluies;Matin;;22/01/2020;7;22/01/2020;Alerte
09168;09300;644;162;40;2;Inondations pluies;Matin;;22/01/2020;7;22/01/2020;Alerte
09107;09600;4166;572;40;2;Inondations pluies;Matin;;22/01/2020;7;22/01/2020;Alerte
34052;34310;4052;3075;40;2;Inondations pluies;Matin;;22/01/2020;7;22/01/2020;Alerte
09325;09110;458;30;40;2;Inondations pluies;Matin;;22/01/2020;7;22/01/2020;Alerte
11393;11200;1433;472;40;2;Inondations pluies;Matin;;22/01/2020;7;22/01/2020;Alerte
11167;11240;199;101;40;2;Inondations pluies;Matin;;22/01/2020;7;22/01/2020;Alerte
11190;11700;1358;1119;40;2;Inondations pluies;Matin;;22/01/2020;7;22/01/2020;Alerte
11198;11800;4054;1061;40;2;Inondations pluies;Matin;;22/01/2020;7;22/01/2020;Alerte
11296;11120;1023;498;40;2;Inondations pluies;Matin;;22/01/2020;7;22/01/2020;Alerte
11041;11120;2099;1086;40;2;Inondations pluies;Matin;;22/01/2020;7;22/01/2020;Alerte
11370;11110;1831;2983;40;2;Inondations pluies;Matin;;22/01/2020;7;22/01/2020;Alerte
34097;34210;3021;449;40;2;Inondations pluies;Matin;;22/01/2020;7;22/01/2020;Alerte
09266;09500;625;61;40;2;Inondations pluies;Matin;;22/01/2020;7;22/01/2020;Alerte
66047;66360;656;14;40;2;Inondations pluies;Matin;;22/01/2020;7;22/01/2020;Alerte
09139;09390;2682;92;40;2;Inondations pluies;Matin;;22/01/2020;7;22/01/2020;Alerte
11380;11230;1374;160;40;2;Inondations pluies;Matin;;22/01/2020;7;22/01/2020;Alerte
11126;11200;1039;393;40;2;Inondations pluies;Matin;;22/01/2020;7;22/01/2020;Alerte
09232;09110;2922;45;40;2;Inondations pluies;Matin;;22/01/2020;7;22/01/2020;Alerte
11268;11270;1033;93;40;2;Inondations pluies;Matin;;22/01/2020;7;22/01/2020;Alerte
34004;34210;1211;217;40;2;Inondations pluies;Matin;;22/01/2020;7;22/01/2020;Alerte
11009;11170;2229;1378;40;2;Inondations pluies;Matin;;22/01/2020;7;22/01/2020;Alerte
11018;11290;2189;1156;40;2;Inondations pluies;Matin;;22/01/2020;7;22/01/2020;Alerte
66218;66760;676;358;40;2;Inondations pluies;Matin;;22/01/2020;7;22/01/2020;Alerte
09032;09110;3016;1348;40;2;Inondations pluies;Matin;;22/01/2020;7;22/01/2020;Alerte
09106;09300;701;367;40;2;Inondations pluies;Matin;;22/01/2020;7;22/01/2020;Alerte
11418;11150;3425;1221;40;2;Inondations pluies;Matin;;22/01/2020;7;22/01/2020;Alerte
66132;66340;1139;460;40;2;Inondations pluies;Matin;;22/01/2020;7;22/01/2020;Alerte
66064;66120;437;445;40;2;Inondations pluies;Matin;;22/01/2020;7;22/01/2020;Alerte
11422;11800;324;333;40;2;Inondations pluies;Matin;;22/01/2020;7;22/01/2020;Alerte
11141;11240;613;103;40;2;Inondations pluies;Matin;;22/01/2020;7;22/01/2020;Alerte
09260;09500;247;26;40;2;Inondations pluies;Matin;;22/01/2020;7;22/01/2020;Alerte
09233;09600;352;40;40;2;Inondations pluies;Matin;;22/01/2020;7;22/01/2020;Alerte
11049;11150;1784;3368;40;2;Inondations pluies;Matin;;22/01/2020;7;22/01/2020;Alerte
11172;11200;310;654;40;2;Inondations pluies;Matin;;22/01/2020;7;22/01/2020;Alerte
09305;09600;288;351;40;2;Inondations pluies;Matin;;22/01/2020;7;22/01/2020;Alerte
11173;11240;795;139;40;2;Inondations pluies;Matin;;22/01/2020;7;22/01/2020;Alerte
11040;11200;3758;1388;40;2;Inondations pluies;Matin;;22/01/2020;7;22/01/2020;Alerte
11171;11230;505;41;40;2;Inondations pluies;Matin;;22/01/2020;7;22/01/2020;Alerte
34183;34440;3027;3779;40;2;Inondations pluies;Matin;;22/01/2020;7;22/01/2020;Alerte
66146;66760;6558;140;40;2;Inondations pluies;Matin;;22/01/2020;7;22/01/2020;Alerte
09283;09110;2815;426;40;2;Inondations pluies;Matin;;22/01/2020;7;22/01/2020;Alerte
11438;11150;564;365;40;2;Inondations pluies;Matin;;22/01/2020;7;22/01/2020;Alerte
11037;11000;268;883;40;2;Inondations pluies;Matin;;22/01/2020;7;22/01/2020;Alerte
34075;34210;1497;369;40;2;Inondations pluies;Matin;;22/01/2020;7;22/01/2020;Alerte
09229;09600;623;481;40;2;Inondations pluies;Matin;;22/01/2020;7;22/01/2020;Alerte
66130;66340;1707;1468;40;2;Inondations pluies;Matin;;22/01/2020;7;22/01/2020;Alerte
11193;11270;437;241;40;2;Inondations pluies;Matin;;22/01/2020;7;22/01/2020;Alerte
11262;11100;17494;51546;40;2;Inondations pluies;Matin;;22/01/2020;7;22/01/2020;Alerte
09193;09460;3976;89;40;2;Inondations pluies;Matin;;22/01/2020;7;22/01/2020;Alerte
11022;11700;2438;1196;40;2;Inondations pluies;Matin;;22/01/2020;7;22/01/2020;Alerte
34026;34210;607;199;40;2;Inondations pluies;Matin;;22/01/2020;7;22/01/2020;Alerte
66095;66760;1291;410;40;2;Inondations pluies;Matin;;22/01/2020;7;22/01/2020;Alerte
11343;11270;1147;79;40;2;Inondations pluies;Matin;;22/01/2020;7;22/01/2020;Alerte
11255;11100;1737;1377;40;2;Inondations pluies;Matin;;22/01/2020;7;22/01/2020;Alerte
11025;11600;581;261;40;2;Inondations pluies;Matin;;22/01/2020;7;22/01/2020;Alerte
11107;11230;781;76;40;2;Inondations pluies;Matin;;22/01/2020;7;22/01/2020;Alerte
09180;09500;1543;126;40;2;Inondations pluies;Matin;;22/01/2020;7;22/01/2020;Alerte
11032;11240;681;219;40;2;Inondations pluies;Matin;;22/01/2020;7;22/01/2020;Alerte
66142;66210;1434;51;40;2;Inondations pluies;Matin;;22/01/2020;7;22/01/2020;Alerte
34167;34310;743;238;40;2;Inondations pluies;Matin;;22/01/2020;7;22/01/2020;Alerte
34329;34350;3790;2382;40;2;Inondations pluies;Matin;;22/01/2020;7;22/01/2020;Alerte
09298;09110;1929;94;40;2;Inondations pluies;Matin;;22/01/2020;7;22/01/2020;Alerte
09242;09300;376;41;40;2;Inondations pluies;Matin;;22/01/2020;7;22/01/2020;Alerte
09012;09250;614;29;40;2;Inondations pluies;Matin;;22/01/2020;7;22/01/2020;Alerte
11421;11200;249;466;40;2;Inondations pluies;Matin;;22/01/2020;7;22/01/2020;Alerte
09150;09500;1198;183;40;2;Inondations pluies;Matin;;22/01/2020;7;22/01/2020;Alerte
09125;09300;3149;499;40;2;Inondations pluies;Matin;;22/01/2020;7;22/01/2020;Alerte
11258;11120;1504;1813;40;2;Inondations pluies;Matin;;22/01/2020;7;22/01/2020;Alerte
09003;09300;647;391;40;2;Inondations pluies;Matin;;22/01/2020;7;22/01/2020;Alerte
09206;09300;5211;635;40;2;Inondations pluies;Matin;;22/01/2020;7;22/01/2020;Alerte
11043;11800;615;228;40;2;Inondations pluies;Matin;;22/01/2020;7;22/01/2020;Alerte
34135;34710;2296;3151;40;2;Inondations pluies;Matin;;22/01/2020;7;22/01/2020;Alerte
11404;11610;1084;850;40;2;Inondations pluies;Matin;;22/01/2020;7;22/01/2020;Alerte
09102;09500;425;162;40;2;Inondations pluies;Matin;;22/01/2020;7;22/01/2020;Alerte
09002;09600;522;591;40;2;Inondations pluies;Matin;;22/01/2020;7;22/01/2020;Alerte
09080;09300;956;151;40;2;Inondations pluies;Matin;;22/01/2020;7;22/01/2020;Alerte
09250;09300;705;96;40;2;Inondations pluies;Matin;;22/01/2020;7;22/01/2020;Alerte
09178;09500;619;42;40;2;Inondations pluies;Matin;;22/01/2020;7;22/01/2020;Alerte
11396;11160;1105;509;40;2;Inondations pluies;Matin;;22/01/2020;7;22/01/2020;Alerte
11145;11560;5218;3608;40;2;Inondations pluies;Matin;;22/01/2020;7;22/01/2020;Alerte
11288;11170;1127;1344;40;2;Inondations pluies;Matin;;22/01/2020;7;22/01/2020;Alerte
09189;09110;8053;185;40;2;Inondations pluies;Matin;;22/01/2020;7;22/01/2020;Alerte
66027;66210;327;713;40;2;Inondations pluies;Matin;;22/01/2020;7;22/01/2020;Alerte
09340;09120;531;171;40;2;Inondations pluies;Matin;;22/01/2020;7;22/01/2020;Alerte
09341;09500;442;135;40;2;Inondations pluies;Matin;;22/01/2020;7;22/01/2020;Alerte
11410;11600;802;962;40;2;Inondations pluies;Matin;;22/01/2020;7;22/01/2020;Alerte
11077;11700;747;470;40;2;Inondations pluies;Matin;;22/01/2020;7;22/01/2020;Alerte
09023;09110;3581;146;40;2;Inondations pluies;Matin;;22/01/2020;7;22/01/2020;Alerte
34170;34310;774;243;40;2;Inondations pluies;Matin;;22/01/2020;7;22/01/2020;Alerte
11053;11300;890;255;40;2;Inondations pluies;Matin;;22/01/2020;7;22/01/2020;Alerte
11375;11240;639;35;40;2;Inondations pluies;Matin;;22/01/2020;7;22/01/2020;Alerte
09281;09300;930;129;40;2;Inondations pluies;Matin;;22/01/2020;7;22/01/2020;Alerte
09031;09250;964;29;40;2;Inondations pluies;Matin;;22/01/2020;7;22/01/2020;Alerte
11099;11600;2590;2384;40;2;Inondations pluies;Matin;;22/01/2020;7;22/01/2020;Alerte
11034;11240;459;891;40;2;Inondations pluies;Matin;;22/01/2020;7;22/01/2020;Alerte
11432;11290;217;260;40;2;Inondations pluies;Matin;;22/01/2020;7;22/01/2020;Alerte
09228;09110;1803;206;40;2;Inondations pluies;Matin;;22/01/2020;7;22/01/2020;Alerte
11426;11600;1029;1062;40;2;Inondations pluies;Matin;;22/01/2020;7;22/01/2020;Alerte
11267;11200;1082;1243;40;2;Inondations pluies;Matin;;22/01/2020;7;22/01/2020;Alerte
11116;11590;2180;4122;40;2;Inondations pluies;Matin;;22/01/2020;7;22/01/2020;Alerte
09194;09500;4768;3127;40;2;Inondations pluies;Matin;;22/01/2020;7;22/01/2020;Alerte
09169;09600;1246;105;40;2;Inondations pluies;Matin;;22/01/2020;7;22/01/2020;Alerte
09053;09250;646;20;40;2;Inondations pluies;Matin;;22/01/2020;7;22/01/2020;Alerte
34007;34210;1279;438;40;2;Inondations pluies;Matin;;22/01/2020;7;22/01/2020;Alerte
11080;11230;727;174;40;2;Inondations pluies;Matin;;22/01/2020;7;22/01/2020;Alerte
09274;09500;891;326;40;2;Inondations pluies;Matin;;22/01/2020;7;22/01/2020;Alerte
09052;09500;820;148;40;2;Inondations pluies;Matin;;22/01/2020;7;22/01/2020;Alerte
11294;11300;611;58;40;2;Inondations pluies;Matin;;22/01/2020;7;22/01/2020;Alerte
11059;11240;563;106;40;2;Inondations pluies;Matin;;22/01/2020;7;22/01/2020;Alerte
11254;11290;5644;1912;40;2;Inondations pluies;Matin;;22/01/2020;7;22/01/2020;Alerte
11340;11170;637;522;40;2;Inondations pluies;Matin;;22/01/2020;7;22/01/2020;Alerte
11273;11200;956;641;40;2;Inondations pluies;Matin;;22/01/2020;7;22/01/2020;Alerte
11368;11600;707;110;40;2;Inondations pluies;Matin;;22/01/2020;7;22/01/2020;Alerte
09249;09300;1241;152;40;2;Inondations pluies;Matin;;22/01/2020;7;22/01/2020;Alerte
66100;66800;2872;161;40;2;Inondations pluies;Matin;;22/01/2020;7;22/01/2020;Alerte
66188;66210;1291;261;40;2;Inondations pluies;Matin;;22/01/2020;7;22/01/2020;Alerte
11153;11270;473;205;40;2;Inondations pluies;Matin;;22/01/2020;7;22/01/2020;Alerte
34158;34210;2765;135;40;2;Inondations pluies;Matin;;22/01/2020;7;22/01/2020;Alerte
34006;34210;1115;267;40;2;Inondations pluies;Matin;;22/01/2020;7;22/01/2020;Alerte
11067;11200;1402;1461;40;2;Inondations pluies;Matin;;22/01/2020;7;22/01/2020;Alerte
66082;66210;4719;414;40;2;Inondations pluies;Matin;;22/01/2020;7;22/01/2020;Alerte
09072;09120;406;25;40;2;Inondations pluies;Matin;;22/01/2020;7;22/01/2020;Alerte
11264;11200;1437;1301;40;2;Inondations pluies;Matin;;22/01/2020;7;22/01/2020;Alerte
09171;09250;748;42;40;2;Inondations pluies;Matin;;22/01/2020;7;22/01/2020;Alerte
11205;11600;1030;107;40;2;Inondations pluies;Matin;;22/01/2020;7;22/01/2020;Alerte
66080;66360;6433;135;40;2;Inondations pluies;Matin;;22/01/2020;7;22/01/2020;Alerte
11136;11270;2489;785;40;2;Inondations pluies;Matin;;22/01/2020;7;22/01/2020;Alerte
66020;66210;1795;768;40;2;Inondations pluies;Matin;;22/01/2020;7;22/01/2020;Alerte
09330;09250;610;33;40;2;Inondations pluies;Matin;;22/01/2020;7;22/01/2020;Alerte
66025;66760;771;1311;40;2;Inondations pluies;Matin;;22/01/2020;7;22/01/2020;Alerte
11282;11230;698;47;40;2;Inondations pluies;Matin;;22/01/2020;7;22/01/2020;Alerte
66192;66210;841;96;40;2;Inondations pluies;Matin;;22/01/2020;7;22/01/2020;Alerte
11215;11600;508;802;40;2;Inondations pluies;Matin;;22/01/2020;7;22/01/2020;Alerte
11028;11340;3188;457;40;2;Inondations pluies;Matin;;22/01/2020;7;22/01/2020;Alerte
11128;11240;1169;183;40;2;Inondations pluies;Matin;;22/01/2020;7;22/01/2020;Alerte
11139;11240;759;89;40;2;Inondations pluies;Matin;;22/01/2020;7;22/01/2020;Alerte
09048;09600;972;65;40;2;Inondations pluies;Matin;;22/01/2020;7;22/01/2020;Alerte
09142;09300;683;124;40;2;Inondations pluies;Matin;;22/01/2020;7;22/01/2020;Alerte
66072;66800;921;413;40;2;Inondations pluies;Matin;;22/01/2020;7;22/01/2020;Alerte
11228;11240;858;177;40;2;Inondations pluies;Matin;;22/01/2020;7;22/01/2020;Alerte
66147;66760;4987;134;40;2;Inondations pluies;Matin;;22/01/2020;7;22/01/2020;Alerte
66062;66760;2516;165;40;2;Inondations pluies;Matin;;22/01/2020;7;22/01/2020;Alerte
09115;09600;355;114;40;2;Inondations pluies;Matin;;22/01/2020;7;22/01/2020;Alerte
11259;11170;1957;957;40;2;Inondations pluies;Matin;;22/01/2020;7;22/01/2020;Alerte
11210;11200;986;1065;40;2;Inondations pluies;Matin;;22/01/2020;7;22/01/2020;Alerte
11061;11240;337;270;40;2;Inondations pluies;Matin;;22/01/2020;7;22/01/2020;Alerte
11342;11800;638;227;40;2;Inondations pluies;Matin;;22/01/2020;7;22/01/2020;Alerte
11429;11620;1271;3710;40;2;Inondations pluies;Matin;;22/01/2020;7;22/01/2020;Alerte
34206;34310;597;560;40;2;Inondations pluies;Matin;;22/01/2020;7;22/01/2020;Alerte
11100;11230;877;35;40;2;Inondations pluies;Matin;;22/01/2020;7;22/01/2020;Alerte
11353;11120;845;1668;40;2;Inondations pluies;Matin;;22/01/2020;7;22/01/2020;Alerte
66005;66760;8719;667;40;2;Inondations pluies;Matin;;22/01/2020;7;22/01/2020;Alerte
11307;11200;636;241;40;2;Inondations pluies;Matin;;22/01/2020;7;22/01/2020;Alerte
66067;66800;2637;625;40;2;Inondations pluies;Matin;;22/01/2020;7;22/01/2020;Alerte
66066;66760;3040;665;40;2;Inondations pluies;Matin;;22/01/2020;7;22/01/2020;Alerte
09316;09500;831;94;40;2;Inondations pluies;Matin;;22/01/2020;7;22/01/2020;Alerte
11081;11160;2870;1660;40;2;Inondations pluies;Matin;;22/01/2020;7;22/01/2020;Alerte
11279;11610;1854;2442;40;2;Inondations pluies;Matin;;22/01/2020;7;22/01/2020;Alerte
11135;11140;1579;13;40;2;Inondations pluies;Matin;;22/01/2020;7;22/01/2020;Alerte
11012;11120;1094;1934;40;2;Inondations pluies;Matin;;22/01/2020;7;22/01/2020;Alerte
34189;34210;1933;1720;40;2;Inondations pluies;Matin;;22/01/2020;7;22/01/2020;Alerte
11312;11270;1054;105;40;2;Inondations pluies;Matin;;22/01/2020;7;22/01/2020;Alerte
09088;09250;565;13;40;2;Inondations pluies;Matin;;22/01/2020;7;22/01/2020;Alerte
09336;09300;601;1091;40;2;Inondations pluies;Matin;;22/01/2020;7;22/01/2020;Alerte
11400;11230;658;103;40;2;Inondations pluies;Matin;;22/01/2020;7;22/01/2020;Alerte
66098;66210;2338;243;40;2;Inondations pluies;Matin;;22/01/2020;7;22/01/2020;Alerte
09160;09300;1278;6404;40;2;Inondations pluies;Matin;;22/01/2020;7;22/01/2020;Alerte
66181;66800;883;147;40;2;Inondations pluies;Matin;;22/01/2020;7;22/01/2020;Alerte
09089;09500;470;46;40;2;Inondations pluies;Matin;;22/01/2020;7;22/01/2020;Alerte
11315;11160;2193;2016;40;2;Inondations pluies;Matin;;22/01/2020;7;22/01/2020;Alerte
66202;66120;789;200;40;2;Inondations pluies;Matin;;22/01/2020;7;22/01/2020;Alerte
66124;66120;2992;1839;40;2;Inondations pluies;Matin;;22/01/2020;7;22/01/2020;Alerte
09243;09600;218;87;40;2;Inondations pluies;Matin;;22/01/2020;7;22/01/2020;Alerte
11437;11170;539;823;40;2;Inondations pluies;Matin;;22/01/2020;7;22/01/2020;Alerte
09087;09250;1583;64;40;2;Inondations pluies;Matin;;22/01/2020;7;22/01/2020;Alerte
09197;09110;886;35;40;2;Inondations pluies;Matin;;22/01/2020;7;22/01/2020;Alerte
11170;11430;6271;4644;40;2;Inondations pluies;Matin;;22/01/2020;7;22/01/2020;Alerte
09161;09600;1213;633;40;2;Inondations pluies;Matin;;22/01/2020;7;22/01/2020;Alerte
09166;09300;589;105;40;2;Inondations pluies;Matin;;22/01/2020;7;22/01/2020;Alerte
11087;11270;1375;79;40;2;Inondations pluies;Matin;;22/01/2020;7;22/01/2020;Alerte
11372;11600;1187;380;40;2;Inondations pluies;Matin;;22/01/2020;7;22/01/2020;Alerte
66117;66210;40;216;40;2;Inondations pluies;Matin;;22/01/2020;7;22/01/2020;Alerte
09311;09110;366;19;40;2;Inondations pluies;Matin;;22/01/2020;7;22/01/2020;Alerte
66167;66800;1132;1037;40;2;Inondations pluies;Matin;;22/01/2020;7;22/01/2020;Alerte
11230;11140;1668;27;40;2;Inondations pluies;Matin;;22/01/2020;7;22/01/2020;Alerte
11058;11240;1010;260;40;2;Inondations pluies;Matin;;22/01/2020;7;22/01/2020;Alerte
11233;11120;530;765;40;2;Inondations pluies;Matin;;22/01/2020;7;22/01/2020;Alerte
11066;11340;1155;115;40;2;Inondations pluies;Matin;;22/01/2020;7;22/01/2020;Alerte
34226;34310;3009;1605;40;2;Inondations pluies;Matin;;22/01/2020;7;22/01/2020;Alerte
09220;09110;7154;189;40;2;Inondations pluies;Matin;;22/01/2020;7;22/01/2020;Alerte
34302;34210;2101;685;40;2;Inondations pluies;Matin;;22/01/2020;7;22/01/2020;Alerte
11051;11270;727;175;40;2;Inondations pluies;Matin;;22/01/2020;7;22/01/2020;Alerte
11184;11420;1296;100;40;2;Inondations pluies;Matin;;22/01/2020;7;22/01/2020;Alerte
09157;09600;1434;2654;40;2;Inondations pluies;Matin;;22/01/2020;7;22/01/2020;Alerte
34092;34310;2594;984;40;2;Inondations pluies;Matin;;22/01/2020;7;22/01/2020;Alerte
09318;09250;256;119;40;2;Inondations pluies;Matin;;22/01/2020;7;22/01/2020;Alerte
09218;09110;1854;82;40;2;Inondations pluies;Matin;;22/01/2020;7;22/01/2020;Alerte
11072;11270;1251;204;40;2;Inondations pluies;Matin;;22/01/2020;7;22/01/2020;Alerte
66120;66340;570;67;40;2;Inondations pluies;Matin;;22/01/2020;7;22/01/2020;Alerte
11217;11120;574;1180;40;2;Inondations pluies;Matin;;22/01/2020;7;22/01/2020;Alerte
09074;09500;1031;165;40;2;Inondations pluies;Matin;;22/01/2020;7;22/01/2020;Alerte
11207;11300;467;235;60;2;Inondations pluies;Matin;;22/01/2020;7;22/01/2020;Alerte
11044;11330;2628;93;60;2;Inondations pluies;Matin;;22/01/2020;7;22/01/2020;Alerte
66157;66360;1021;23;60;2;Inondations pluies;Matin;;22/01/2020;7;22/01/2020;Alerte
11197;11300;719;604;60;2;Inondations pluies;Matin;;22/01/2020;7;22/01/2020;Alerte
66206;66230;2647;95;60;2;Inondations pluies;Matin;;22/01/2020;7;22/01/2020;Alerte
11007;11330;1745;99;60;2;Inondations pluies;Matin;;22/01/2020;7;22/01/2020;Alerte
11029;11580;1458;73;60;2;Inondations pluies;Matin;;22/01/2020;7;22/01/2020;Alerte
11272;11570;1498;2127;60;2;Inondations pluies;Matin;;22/01/2020;7;22/01/2020;Alerte
66204;66500;1368;327;60;2;Inondations pluies;Matin;;22/01/2020;7;22/01/2020;Alerte
11065;11190;2655;71;60;2;Inondations pluies;Matin;;22/01/2020;7;22/01/2020;Alerte
11039;11300;669;43;60;2;Inondations pluies;Matin;;22/01/2020;7;22/01/2020;Alerte
11137;11330;1036;134;60;2;Inondations pluies;Matin;;22/01/2020;7;22/01/2020;Alerte
11020;11330;2152;32;60;2;Inondations pluies;Matin;;22/01/2020;7;22/01/2020;Alerte
11090;11300;684;655;60;2;Inondations pluies;Matin;;22/01/2020;7;22/01/2020;Alerte
11229;11140;884;24;60;2;Inondations pluies;Matin;;22/01/2020;7;22/01/2020;Alerte
11201;11250;1174;752;60;2;Inondations pluies;Matin;;22/01/2020;7;22/01/2020;Alerte
11387;11220;863;80;60;2;Inondations pluies;Matin;;22/01/2020;7;22/01/2020;Alerte
11069;11000;6514;47268;60;2;Inondations pluies;Matin;;22/01/2020;7;22/01/2020;Alerte
11257;11800;1463;204;60;2;Inondations pluies;Matin;;22/01/2020;7;22/01/2020;Alerte
11105;11300;643;666;60;2;Inondations pluies;Matin;;22/01/2020;7;22/01/2020;Alerte
11085;11570;895;928;60;2;Inondations pluies;Matin;;22/01/2020;7;22/01/2020;Alerte
11332;11200;3001;1183;60;2;Inondations pluies;Matin;;22/01/2020;7;22/01/2020;Alerte
11435;11330;2005;150;60;2;Inondations pluies;Matin;;22/01/2020;7;22/01/2020;Alerte
11328;11240;1188;253;60;2;Inondations pluies;Matin;;22/01/2020;7;22/01/2020;Alerte
11211;11300;1030;515;60;2;Inondations pluies;Matin;;22/01/2020;7;22/01/2020;Alerte
66052;66500;284;362;60;2;Inondations pluies;Matin;;22/01/2020;7;22/01/2020;Alerte
09200;09600;1756;115;60;2;Inondations pluies;Matin;;22/01/2020;7;22/01/2020;Alerte
11048;11200;2322;704;60;2;Inondations pluies;Matin;;22/01/2020;7;22/01/2020;Alerte
11406;11580;1513;38;60;2;Inondations pluies;Matin;;22/01/2020;7;22/01/2020;Alerte
11155;11190;2105;61;60;2;Inondations pluies;Matin;;22/01/2020;7;22/01/2020;Alerte
66034;66500;535;110;60;2;Inondations pluies;Matin;;22/01/2020;7;22/01/2020;Alerte
11050;11500;1412;207;60;2;Inondations pluies;Matin;;22/01/2020;7;22/01/2020;Alerte
11415;11250;609;97;60;2;Inondations pluies;Matin;;22/01/2020;7;22/01/2020;Alerte
11209;11190;802;206;60;2;Inondations pluies;Matin;;22/01/2020;7;22/01/2020;Alerte
66116;66150;2198;195;60;2;Inondations pluies;Matin;;22/01/2020;7;22/01/2020;Alerte
11140;11200;1615;1155;60;2;Inondations pluies;Matin;;22/01/2020;7;22/01/2020;Alerte
11127;11140;3233;95;60;2;Inondations pluies;Matin;;22/01/2020;7;22/01/2020;Alerte
11241;11700;1067;326;60;2;Inondations pluies;Matin;;22/01/2020;7;22/01/2020;Alerte
66090;66360;997;47;60;2;Inondations pluies;Matin;;22/01/2020;7;22/01/2020;Alerte
11251;11220;3513;523;60;2;Inondations pluies;Matin;;22/01/2020;7;22/01/2020;Alerte
11131;11260;1194;369;60;2;Inondations pluies;Matin;;22/01/2020;7;22/01/2020;Alerte
11129;11260;1059;2088;60;2;Inondations pluies;Matin;;22/01/2020;7;22/01/2020;Alerte
11005;11290;1665;1296;60;2;Inondations pluies;Matin;;22/01/2020;7;22/01/2020;Alerte
11042;11700;848;205;60;2;Inondations pluies;Matin;;22/01/2020;7;22/01/2020;Alerte
66010;66360;2992;44;60;2;Inondations pluies;Matin;;22/01/2020;7;22/01/2020;Alerte
11363;11220;1669;174;60;2;Inondations pluies;Matin;;22/01/2020;7;22/01/2020;Alerte
11163;11140;788;50;60;2;Inondations pluies;Matin;;22/01/2020;7;22/01/2020;Alerte
11304;11500;2195;3249;60;2;Inondations pluies;Matin;;22/01/2020;7;22/01/2020;Alerte
66128;66360;1648;14;60;2;Inondations pluies;Matin;;22/01/2020;7;22/01/2020;Alerte
11337;11700;541;406;60;2;Inondations pluies;Matin;;22/01/2020;7;22/01/2020;Alerte
11006;11360;2288;71;60;2;Inondations pluies;Matin;;22/01/2020;7;22/01/2020;Alerte
11409;11330;1692;101;60;2;Inondations pluies;Matin;;22/01/2020;7;22/01/2020;Alerte
11152;11360;2774;146;60;2;Inondations pluies;Matin;;22/01/2020;7;22/01/2020;Alerte
11117;11330;1365;114;60;2;Inondations pluies;Matin;;22/01/2020;7;22/01/2020;Alerte
11431;11360;2438;274;60;2;Inondations pluies;Matin;;22/01/2020;7;22/01/2020;Alerte
11266;11210;3734;5682;60;2;Inondations pluies;Matin;;22/01/2020;7;22/01/2020;Alerte
66045;66500;803;718;60;2;Inondations pluies;Matin;;22/01/2020;7;22/01/2020;Alerte
11176;11220;1359;57;60;2;Inondations pluies;Matin;;22/01/2020;7;22/01/2020;Alerte
09237;09460;285;39;60;2;Inondations pluies;Matin;;22/01/2020;7;22/01/2020;Alerte
11185;11220;3248;575;60;2;Inondations pluies;Matin;;22/01/2020;7;22/01/2020;Alerte
66155;66360;5079;90;60;2;Inondations pluies;Matin;;22/01/2020;7;22/01/2020;Alerte
11345;11360;758;287;60;2;Inondations pluies;Matin;;22/01/2020;7;22/01/2020;Alerte
11151;11800;614;419;60;2;Inondations pluies;Matin;;22/01/2020;7;22/01/2020;Alerte
11177;11140;676;37;60;2;Inondations pluies;Matin;;22/01/2020;7;22/01/2020;Alerte
11350;11500;1390;65;60;2;Inondations pluies;Matin;;22/01/2020;7;22/01/2020;Alerte
11381;11190;1899;80;60;2;Inondations pluies;Matin;;22/01/2020;7;22/01/2020;Alerte
11390;11200;2652;530;60;2;Inondations pluies;Matin;;22/01/2020;7;22/01/2020;Alerte
11202;11370;4801;4030;60;2;Inondations pluies;Matin;;22/01/2020;7;22/01/2020;Alerte
11424;11230;1274;100;60;2;Inondations pluies;Matin;;22/01/2020;7;22/01/2020;Alerte
11249;11230;1456;97;60;2;Inondations pluies;Matin;;22/01/2020;7;22/01/2020;Alerte
11323;11300;1175;211;60;2;Inondations pluies;Matin;;22/01/2020;7;22/01/2020;Alerte
11317;11140;1202;141;60;2;Inondations pluies;Matin;;22/01/2020;7;22/01/2020;Alerte
11143;11510;2426;96;60;2;Inondations pluies;Matin;;22/01/2020;7;22/01/2020;Alerte
66104;66500;575;876;60;2;Inondations pluies;Matin;;22/01/2020;7;22/01/2020;Alerte
11386;11220;3791;383;60;2;Inondations pluies;Matin;;22/01/2020;7;22/01/2020;Alerte
11420;11250;1263;116;60;2;Inondations pluies;Matin;;22/01/2020;7;22/01/2020;Alerte
11354;11220;712;24;60;2;Inondations pluies;Matin;;22/01/2020;7;22/01/2020;Alerte
66109;66500;1306;217;60;2;Inondations pluies;Matin;;22/01/2020;7;22/01/2020;Alerte
11250;11330;741;42;60;2;Inondations pluies;Matin;;22/01/2020;7;22/01/2020;Alerte
11325;11250;555;409;60;2;Inondations pluies;Matin;;22/01/2020;7;22/01/2020;Alerte
11045;11300;1092;127;60;2;Inondations pluies;Matin;;22/01/2020;7;22/01/2020;Alerte
11344;11250;2385;762;60;2;Inondations pluies;Matin;;22/01/2020;7;22/01/2020;Alerte
11110;11220;974;102;60;2;Inondations pluies;Matin;;22/01/2020;7;22/01/2020;Alerte
11147;11140;555;4;60;2;Inondations pluies;Matin;;22/01/2020;7;22/01/2020;Alerte
11352;11500;1603;62;60;2;Inondations pluies;Matin;;22/01/2020;7;22/01/2020;Alerte
11412;11580;1343;64;60;2;Inondations pluies;Matin;;22/01/2020;7;22/01/2020;Alerte
11373;11140;2015;72;60;2;Inondations pluies;Matin;;22/01/2020;7;22/01/2020;Alerte
11206;11300;3252;10155;60;2;Inondations pluies;Matin;;22/01/2020;7;22/01/2020;Alerte
11427;11300;1357;321;60;2;Inondations pluies;Matin;;22/01/2020;7;22/01/2020;Alerte
11293;11250;1064;805;60;2;Inondations pluies;Matin;;22/01/2020;7;22/01/2020;Alerte
11125;11360;3269;160;60;2;Inondations pluies;Matin;;22/01/2020;7;22/01/2020;Alerte
11389;11580;690;13;60;2;Inondations pluies;Matin;;22/01/2020;7;22/01/2020;Alerte
11019;11140;1084;40;60;2;Inondations pluies;Matin;;22/01/2020;7;22/01/2020;Alerte
11015;11190;1902;263;60;2;Inondations pluies;Matin;;22/01/2020;7;22/01/2020;Alerte
11060;11140;773;52;60;2;Inondations pluies;Matin;;22/01/2020;7;22/01/2020;Alerte
66219;66500;1394;10;60;2;Inondations pluies;Matin;;22/01/2020;7;22/01/2020;Alerte
11263;11500;1299;269;60;2;Inondations pluies;Matin;;22/01/2020;7;22/01/2020;Alerte
11376;11190;1007;78;60;2;Inondations pluies;Matin;;22/01/2020;7;22/01/2020;Alerte
11261;11700;1608;638;60;2;Inondations pluies;Matin;;22/01/2020;7;22/01/2020;Alerte
11119;11300;376;287;60;2;Inondations pluies;Matin;;22/01/2020;7;22/01/2020;Alerte
09165;09300;1642;236;60;2;Inondations pluies;Matin;;22/01/2020;7;22/01/2020;Alerte
66149;66500;1106;5854;60;2;Inondations pluies;Matin;;22/01/2020;7;22/01/2020;Alerte
11073;11190;389;62;60;2;Inondations pluies;Matin;;22/01/2020;7;22/01/2020;Alerte
11318;11700;367;120;60;2;Inondations pluies;Matin;;22/01/2020;7;22/01/2020;Alerte
11398;11510;1259;203;60;2;Inondations pluies;Matin;;22/01/2020;7;22/01/2020;Alerte
11214;11300;440;360;60;2;Inondations pluies;Matin;;22/01/2020;7;22/01/2020;Alerte
11329;11260;1275;212;60;2;Inondations pluies;Matin;;22/01/2020;7;22/01/2020;Alerte
66085;66820;967;407;60;2;Inondations pluies;Matin;;22/01/2020;7;22/01/2020;Alerte
11118;11330;791;44;60;2;Inondations pluies;Matin;;22/01/2020;7;22/01/2020;Alerte
09239;09460;3638;141;60;2;Inondations pluies;Matin;;22/01/2020;7;22/01/2020;Alerte
11183;11250;2557;257;60;2;Inondations pluies;Matin;;22/01/2020;7;22/01/2020;Alerte
11031;11140;524;39;60;2;Inondations pluies;Matin;;22/01/2020;7;22/01/2020;Alerte
66068;66360;1514;117;60;2;Inondations pluies;Matin;;22/01/2020;7;22/01/2020;Alerte
11109;11190;468;54;60;2;Inondations pluies;Matin;;22/01/2020;7;22/01/2020;Alerte
11274;11300;635;334;60;2;Inondations pluies;Matin;;22/01/2020;7;22/01/2020;Alerte
11101;11500;973;46;60;2;Inondations pluies;Matin;;22/01/2020;7;22/01/2020;Alerte
11103;11190;694;1156;60;2;Inondations pluies;Matin;;22/01/2020;7;22/01/2020;Alerte
11377;11190;430;47;60;2;Inondations pluies;Matin;;22/01/2020;7;22/01/2020;Alerte
11161;11250;480;108;60;2;Inondations pluies;Matin;;22/01/2020;7;22/01/2020;Alerte
66119;66500;7111;293;60;2;Inondations pluies;Matin;;22/01/2020;7;22/01/2020;Alerte
11316;11230;2488;225;60;2;Inondations pluies;Matin;;22/01/2020;7;22/01/2020;Alerte
66061;66260;1679;109;60;2;Inondations pluies;Matin;;22/01/2020;7;22/01/2020;Alerte
11121;11240;520;96;60;2;Inondations pluies;Matin;;22/01/2020;7;22/01/2020;Alerte
11351;11220;2536;780;60;2;Inondations pluies;Matin;;22/01/2020;7;22/01/2020;Alerte
66161;66500;1290;1229;60;2;Inondations pluies;Matin;;22/01/2020;7;22/01/2020;Alerte
11256;11200;1141;512;60;2;Inondations pluies;Matin;;22/01/2020;7;22/01/2020;Alerte
11397;11800;1795;5305;60;2;Inondations pluies;Matin;;22/01/2020;7;22/01/2020;Alerte
11219;11140;1993;24;60;2;Inondations pluies;Matin;;22/01/2020;7;22/01/2020;Alerte
66159;66210;1063;56;60;2;Inondations pluies;Matin;;22/01/2020;7;22/01/2020;Alerte
11097;11190;464;63;60;2;Inondations pluies;Matin;;22/01/2020;7;22/01/2020;Alerte
11144;11510;3071;1012;60;2;Inondations pluies;Matin;;22/01/2020;7;22/01/2020;Alerte
11148;11700;1023;520;60;2;Inondations pluies;Matin;;22/01/2020;7;22/01/2020;Alerte
66191;66360;2311;28;60;2;Inondations pluies;Matin;;22/01/2020;7;22/01/2020;Alerte
11287;11190;1497;82;60;2;Inondations pluies;Matin;;22/01/2020;7;22/01/2020;Alerte
11309;11190;1503;62;60;2;Inondations pluies;Matin;;22/01/2020;7;22/01/2020;Alerte
66150;66230;11905;1076;60;2;Inondations pluies;Matin;;22/01/2020;7;22/01/2020;Alerte
11083;11220;874;53;60;2;Inondations pluies;Matin;;22/01/2020;7;22/01/2020;Alerte
11157;11360;1908;246;60;2;Inondations pluies;Matin;;22/01/2020;7;22/01/2020;Alerte
11224;11330;1234;29;60;2;Inondations pluies;Matin;;22/01/2020;7;22/01/2020;Alerte
11423;11570;1737;152;60;2;Inondations pluies;Matin;;22/01/2020;7;22/01/2020;Alerte
11346;11260;733;112;60;2;Inondations pluies;Matin;;22/01/2020;7;22/01/2020;Alerte
11213;11330;1231;43;60;2;Inondations pluies;Matin;;22/01/2020;7;22/01/2020;Alerte
11388;11330;1909;48;60;2;Inondations pluies;Matin;;22/01/2020;7;22/01/2020;Alerte
66125;66360;2919;398;60;2;Inondations pluies;Matin;;22/01/2020;7;22/01/2020;Alerte
11347;11500;1415;98;60;2;Inondations pluies;Matin;;22/01/2020;7;22/01/2020;Alerte
11440;11220;482;37;60;2;Inondations pluies;Matin;;22/01/2020;7;22/01/2020;Alerte
11355;11300;970;348;60;2;Inondations pluies;Matin;;22/01/2020;7;22/01/2020;Alerte
11132;11200;2894;1261;60;2;Inondations pluies;Matin;;22/01/2020;7;22/01/2020;Alerte
11436;11360;3203;385;60;2;Inondations pluies;Matin;;22/01/2020;7;22/01/2020;Alerte
11169;11250;1424;91;60;2;Inondations pluies;Matin;;22/01/2020;7;22/01/2020;Alerte
11306;11500;1406;40;60;2;Inondations pluies;Matin;;22/01/2020;7;22/01/2020;Alerte
66166;66360;1514;359;60;2;Inondations pluies;Matin;;22/01/2020;7;22/01/2020;Alerte
11392;11220;1202;274;60;2;Inondations pluies;Matin;;22/01/2020;7;22/01/2020;Alerte
11063;11260;614;667;60;2;Inondations pluies;Matin;;22/01/2020;7;22/01/2020;Alerte
09252;09460;957;90;60;2;Inondations pluies;Matin;;22/01/2020;7;22/01/2020;Alerte
11289;11300;1339;993;60;2;Inondations pluies;Matin;;22/01/2020;7;22/01/2020;Alerte
11003;11300;543;198;60;2;Inondations pluies;Matin;;22/01/2020;7;22/01/2020;Alerte
11260;11330;1399;121;60;2;Inondations pluies;Matin;;22/01/2020;7;22/01/2020;Alerte
11071;11360;1571;217;60;2;Inondations pluies;Matin;;22/01/2020;7;22/01/2020;Alerte
11295;11490;3499;1229;60;2;Inondations pluies;Matin;;22/01/2020;7;22/01/2020;Alerte
11086;11510;903;727;60;2;Inondations pluies;Matin;;22/01/2020;7;22/01/2020;Alerte
11062;11140;1079;13;60;2;Inondations pluies;Matin;;22/01/2020;7;22/01/2020;Alerte
11333;11230;2147;110;60;2;Inondations pluies;Matin;;22/01/2020;7;22/01/2020;Alerte
11330;11800;657;486;60;2;Inondations pluies;Matin;;22/01/2020;7;22/01/2020;Alerte
11038;11140;1548;57;60;2;Inondations pluies;Matin;;22/01/2020;7;22/01/2020;Alerte
11091;11230;1605;1123;60;2;Inondations pluies;Matin;;22/01/2020;7;22/01/2020;Alerte
11299;11250;857;543;60;2;Inondations pluies;Matin;;22/01/2020;7;22/01/2020;Alerte
11120;11300;322;539;60;2;Inondations pluies;Matin;;22/01/2020;7;22/01/2020;Alerte
11271;11330;1843;33;60;2;Inondations pluies;Matin;;22/01/2020;7;22/01/2020;Alerte
66156;66730;1965;109;60;2;Inondations pluies;Matin;;22/01/2020;7;22/01/2020;Alerte
11168;11500;560;114;60;2;Inondations pluies;Matin;;22/01/2020;7;22/01/2020;Alerte
11322;11540;4554;991;60;2;Inondations pluies;Matin;;22/01/2020;7;22/01/2020;Alerte
11023;11800;994;746;60;2;Inondations pluies;Matin;;22/01/2020;7;22/01/2020;Alerte
11417;11300;1304;100;60;2;Inondations pluies;Matin;;22/01/2020;7;22/01/2020;Alerte
66057;66820;1108;464;60;2;Inondations pluies;Matin;;22/01/2020;7;22/01/2020;Alerte
66193;66360;1753;213;60;2;Inondations pluies;Matin;;22/01/2020;7;22/01/2020;Alerte
11305;11360;1651;66;60;2;Inondations pluies;Matin;;22/01/2020;7;22/01/2020;Alerte
11301;11700;1390;1091;60;2;Inondations pluies;Matin;;22/01/2020;7;22/01/2020;Alerte
66091;66230;2380;55;60;2;Inondations pluies;Matin;;22/01/2020;7;22/01/2020;Alerte
11374;11330;851;19;60;2;Inondations pluies;Matin;;22/01/2020;7;22/01/2020;Alerte
11191;11330;2084;148;60;2;Inondations pluies;Matin;;22/01/2020;7;22/01/2020;Alerte
11021;11140;1204;624;60;2;Inondations pluies;Matin;;22/01/2020;7;22/01/2020;Alerte
11321;11140;2231;77;60;2;Inondations pluies;Matin;;22/01/2020;7;22/01/2020;Alerte
11122;11700;1472;705;60;2;Inondations pluies;Matin;;22/01/2020;7;22/01/2020;Alerte
11187;11330;891;49;60;2;Inondations pluies;Matin;;22/01/2020;7;22/01/2020;Alerte
11414;11220;1188;33;60;2;Inondations pluies;Matin;;22/01/2020;7;22/01/2020;Alerte
66122;66500;2901;67;60;2;Inondations pluies;Matin;;22/01/2020;7;22/01/2020;Alerte
11314;11220;733;87;60;2;Inondations pluies;Matin;;22/01/2020;7;22/01/2020;Alerte
66078;66820;893;169;60;2;Inondations pluies;Matin;;22/01/2020;7;22/01/2020;Alerte
11017;11140;656;83;60;2;Inondations pluies;Matin;;22/01/2020;7;22/01/2020;Alerte
66123;66360;3712;163;60;2;Inondations pluies;Matin;;22/01/2020;7;22/01/2020;Alerte
11055;11190;2756;200;60;2;Inondations pluies;Matin;;22/01/2020;7;22/01/2020;Alerte
11303;11230;4280;520;60;2;Inondations pluies;Matin;;22/01/2020;7;22/01/2020;Alerte
11068;11700;1597;1586;60;2;Inondations pluies;Matin;;22/01/2020;7;22/01/2020;Alerte
11046;11300;933;44;60;2;Inondations pluies;Matin;;22/01/2020;7;22/01/2020;Alerte
11311;11220;951;295;60;2;Inondations pluies;Matin;;22/01/2020;7;22/01/2020;Alerte
11379;11130;4060;5426;60;2;Inondations pluies;Matin;;22/01/2020;7;22/01/2020;Alerte
11186;11330;1352;44;60;2;Inondations pluies;Matin;;22/01/2020;7;22/01/2020;Alerte
11124;11360;2567;686;60;2;Inondations pluies;Matin;;22/01/2020;7;22/01/2020;Alerte
66194;66230;2309;230;60;2;Inondations pluies;Matin;;22/01/2020;7;22/01/2020;Alerte
11310;11190;1928;227;60;2;Inondations pluies;Matin;;22/01/2020;7;22/01/2020;Alerte
11095;11700;961;291;60;2;Inondations pluies;Matin;;22/01/2020;7;22/01/2020;Alerte
11093;11140;1056;36;60;2;Inondations pluies;Matin;;22/01/2020;7;22/01/2020;Alerte
66051;66500;859;245;60;2;Inondations pluies;Matin;;22/01/2020;7;22/01/2020;Alerte
66197;66360;489;42;60;2;Inondations pluies;Matin;;22/01/2020;7;22/01/2020;Alerte
66223;66500;461;238;60;2;Inondations pluies;Matin;;22/01/2020;7;22/01/2020;Alerte
11088;11570;412;1660;60;2;Inondations pluies;Matin;;22/01/2020;7;22/01/2020;Alerte
11336;11230;1103;496;60;2;Inondations pluies;Matin;;22/01/2020;7;22/01/2020;Alerte
11027;11800;938;753;60;2;Inondations pluies;Matin;;22/01/2020;7;22/01/2020;Alerte
11179;11220;1206;95;60;2;Inondations pluies;Matin;;22/01/2020;7;22/01/2020;Alerte
11364;11300;1412;153;60;2;Inondations pluies;Matin;;22/01/2020;7;22/01/2020;Alerte
66154;66210;1917;72;60;2;Inondations pluies;Matin;;22/01/2020;7;22/01/2020;Alerte
11240;11190;444;553;60;2;Inondations pluies;Matin;;22/01/2020;7;22/01/2020;Alerte
11160;11140;426;34;60;2;Inondations pluies;Matin;;22/01/2020;7;22/01/2020;Alerte
11341;11500;1011;137;60;2;Inondations pluies;Matin;;22/01/2020;7;22/01/2020;Alerte
66222;66820;1653;1444;60;2;Inondations pluies;Matin;;22/01/2020;7;22/01/2020;Alerte
11047;11140;2608;44;60;2;Inondations pluies;Matin;;22/01/2020;7;22/01/2020;Alerte
11235;11580;748;66;60;2;Inondations pluies;Matin;;22/01/2020;7;22/01/2020;Alerte
11220;11800;1117;675;60;2;Inondations pluies;Matin;;22/01/2020;7;22/01/2020;Alerte
09230;09460;1321;45;60;2;Inondations pluies;Matin;;22/01/2020;7;22/01/2020;Alerte
11408;11250;547;448;60;2;Inondations pluies;Matin;;22/01/2020;7;22/01/2020;Alerte
11402;11580;604;20;60;2;Inondations pluies;Matin;;22/01/2020;7;22/01/2020;Alerte
66036;66360;1125;48;60;2;Inondations pluies;Matin;;22/01/2020;7;22/01/2020;Alerte
11112;11190;1484;105;60;2;Inondations pluies;Matin;;22/01/2020;7;22/01/2020;Alerte
66043;66820;2974;124;60;2;Inondations pluies;Matin;;22/01/2020;7;22/01/2020;Alerte
11130;11340;1456;215;60;2;Inondations pluies;Matin;;22/01/2020;7;22/01/2020;Alerte
11216;11300;744;384;60;2;Inondations pluies;Matin;;22/01/2020;7;22/01/2020;Alerte
66054;66500;1923;54;60;2;Inondations pluies;Matin;;22/01/2020;7;22/01/2020;Alerte
11378;11220;673;222;60;2;Inondations pluies;Matin;;22/01/2020;7;22/01/2020;Alerte
11142;11300;1854;196;60;2;Inondations pluies;Matin;;22/01/2020;7;22/01/2020;Alerte
09078;09460;648;81;60;2;Inondations pluies;Matin;;22/01/2020;7;22/01/2020;Alerte
11227;11220;1221;36;60;2;Inondations pluies;Matin;;22/01/2020;7;22/01/2020;Alerte
11016;11220;963;97;60;2;Inondations pluies;Matin;;22/01/2020;7;22/01/2020;Alerte
11098;11200;1226;917;60;2;Inondations pluies;Matin;;22/01/2020;7;22/01/2020;Alerte
11064;11200;1264;329;60;2;Inondations pluies;Matin;;22/01/2020;7;22/01/2020;Alerte
11242;11250;1163;185;60;2;Inondations pluies;Matin;;22/01/2020;7;22/01/2020;Alerte
11035;11500;1195;289;60;2;Inondations pluies;Matin;;22/01/2020;7;22/01/2020;Alerte
11036;11340;2425;174;60;2;Inondations pluies;Matin;;22/01/2020;7;22/01/2020;Alerte
11102;11250;1009;619;60;2;Inondations pluies;Matin;;22/01/2020;7;22/01/2020;Alerte
11082;11250;511;7;60;2;Inondations pluies;Matin;;22/01/2020;7;22/01/2020;Alerte
11394;11300;646;125;60;2;Inondations pluies;Matin;;22/01/2020;7;22/01/2020;Alerte
11010;11190;988;315;60;2;Inondations pluies;Matin;;22/01/2020;7;22/01/2020;Alerte
11158;11300;803;292;60;2;Inondations pluies;Matin;;22/01/2020;7;22/01/2020;Alerte
11338;11300;662;59;60;2;Inondations pluies;Matin;;22/01/2020;7;22/01/2020;Alerte
09047;09300;2689;1084;60;2;Inondations pluies;Matin;;22/01/2020;7;22/01/2020;Alerte
11327;11290;815;508;60;2;Inondations pluies;Matin;;22/01/2020;7;22/01/2020;Alerte
66102;66360;3225;30;60;2;Inondations pluies;Matin;;22/01/2020;7;22/01/2020;Alerte
11008;11580;2427;435;60;2;Inondations pluies;Matin;;22/01/2020;7;22/01/2020;Alerte
11298;11220;1665;204;60;2;Inondations pluies;Matin;;22/01/2020;7;22/01/2020;Alerte
11146;11800;462;386;60;2;Inondations pluies;Matin;;22/01/2020;7;22/01/2020;Alerte
11094;11250;1872;26;60;2;Inondations pluies;Matin;;22/01/2020;7;22/01/2020;Alerte
66209;66360;2046;32;60;2;Inondations pluies;Matin;;22/01/2020;7;22/01/2020;Alerte
11248;11800;1313;68;60;2;Inondations pluies;Matin;;22/01/2020;7;22/01/2020;Alerte
11199;11290;677;1344;60;2;Inondations pluies;Matin;;22/01/2020;7;22/01/2020;Alerte
11165;11500;643;358;60;2;Inondations pluies;Matin;;22/01/2020;7;22/01/2020;Alerte
11104;11140;2795;45;60;2;Inondations pluies;Matin;;22/01/2020;7;22/01/2020;Alerte
11078;11300;1133;200;60;2;Inondations pluies;Matin;;22/01/2020;7;22/01/2020;Alerte
11320;11340;2272;279;60;2;Inondations pluies;Matin;;22/01/2020;7;22/01/2020;Alerte
11188;11480;3261;1552;60;2;Inondations pluies;Matin;;22/01/2020;7;22/01/2020;Alerte
11244;11140;3412;81;60;2;Inondations pluies;Matin;;22/01/2020;7;22/01/2020;Alerte
11358;11500;1025;35;60;2;Inondations pluies;Matin;;22/01/2020;7;22/01/2020;Alerte
11203;11200;3815;10920;60;2;Inondations pluies;Matin;;22/01/2020;7;22/01/2020;Alerte
11335;11140;2127;50;60;2;Inondations pluies;Matin;;22/01/2020;7;22/01/2020;Alerte
11223;11570;749;24;60;2;Inondations pluies;Matin;;22/01/2020;7;22/01/2020;Alerte
11133;11220;1405;36;60;2;Inondations pluies;Matin;;22/01/2020;7;22/01/2020;Alerte
11302;11140;3384;263;60;2;Inondations pluies;Matin;;22/01/2020;7;22/01/2020;Alerte
66002;66200;572;3208;80;2;Inondations pluies;Matin;;22/01/2020;7;22/01/2020;Alerte
66139;66730;674;62;80;2;Inondations pluies;Matin;;22/01/2020;7;22/01/2020;Alerte
66038;66680;871;4871;80;2;Inondations pluies;Matin;;22/01/2020;7;22/01/2020;Alerte
66160;66400;2786;1194;80;2;Inondations pluies;Matin;;22/01/2020;7;22/01/2020;Alerte
11270;11350;3018;128;80;2;Inondations pluies;Matin;;22/01/2020;7;22/01/2020;Alerte
66012;66540;772;3252;80;2;Inondations pluies;Matin;;22/01/2020;7;22/01/2020;Alerte
66024;66160;1462;5498;80;2;Inondations pluies;Matin;;22/01/2020;7;22/01/2020;Alerte
66065;66200;2203;8100;80;2;Inondations pluies;Matin;;22/01/2020;7;22/01/2020;Alerte
66101;66300;715;1971;80;2;Inondations pluies;Matin;;22/01/2020;7;22/01/2020;Alerte
11276;11350;2836;523;80;2;Inondations pluies;Matin;;22/01/2020;7;22/01/2020;Alerte
66182;66470;1038;4650;80;2;Inondations pluies;Matin;;22/01/2020;7;22/01/2020;Alerte
66084;66300;959;1155;80;2;Inondations pluies;Matin;;22/01/2020;7;22/01/2020;Alerte
66172;66240;1169;10905;80;2;Inondations pluies;Matin;;22/01/2020;7;22/01/2020;Alerte
66190;66600;8277;3155;80;2;Inondations pluies;Matin;;22/01/2020;7;22/01/2020;Alerte
66177;66300;292;947;80;2;Inondations pluies;Matin;;22/01/2020;7;22/01/2020;Alerte
66112;66300;1136;213;80;2;Inondations pluies;Matin;;22/01/2020;7;22/01/2020;Alerte
66174;66170;1055;2506;80;2;Inondations pluies;Matin;;22/01/2020;7;22/01/2020;Alerte
66108;66170;1945;4005;80;2;Inondations pluies;Matin;;22/01/2020;7;22/01/2020;Alerte
66134;66300;1350;702;80;2;Inondations pluies;Matin;;22/01/2020;7;22/01/2020;Alerte
66103;66320;490;546;80;2;Inondations pluies;Matin;;22/01/2020;7;22/01/2020;Alerte
66145;66300;1396;2793;80;2;Inondations pluies;Matin;;22/01/2020;7;22/01/2020;Alerte
66007;66320;1408;103;80;2;Inondations pluies;Matin;;22/01/2020;7;22/01/2020;Alerte
66225;66740;1177;1437;80;2;Inondations pluies;Matin;;22/01/2020;7;22/01/2020;Alerte
66199;66400;1019;117;80;2;Inondations pluies;Matin;;22/01/2020;7;22/01/2020;Alerte
66152;66220;1356;104;80;2;Inondations pluies;Matin;;22/01/2020;7;22/01/2020;Alerte
66049;66400;3800;7583;80;2;Inondations pluies;Matin;;22/01/2020;7;22/01/2020;Alerte
66171;66750;1624;10438;80;2;Inondations pluies;Matin;;22/01/2020;7;22/01/2020;Alerte
66008;66700;5931;9939;80;2;Inondations pluies;Matin;;22/01/2020;7;22/01/2020;Alerte
66136;66100;6831;118238;80;2;Inondations pluies;Matin;;22/01/2020;7;22/01/2020;Alerte
66096;66720;1413;1075;80;2;Inondations pluies;Matin;;22/01/2020;7;22/01/2020;Alerte
66187;66220;4447;1888;80;2;Inondations pluies;Matin;;22/01/2020;7;22/01/2020;Alerte
66048;66290;831;1382;80;2;Inondations pluies;Matin;;22/01/2020;7;22/01/2020;Alerte
66107;66460;3465;840;80;2;Inondations pluies;Matin;;22/01/2020;7;22/01/2020;Alerte
66079;66320;853;195;80;2;Inondations pluies;Matin;;22/01/2020;7;22/01/2020;Alerte
66173;66170;566;826;80;2;Inondations pluies;Matin;;22/01/2020;7;22/01/2020;Alerte
66207;66300;748;671;80;2;Inondations pluies;Matin;;22/01/2020;7;22/01/2020;Alerte
11113;11350;1511;135;80;2;Inondations pluies;Matin;;22/01/2020;7;22/01/2020;Alerte
66058;66550;1265;1917;80;2;Inondations pluies;Matin;;22/01/2020;7;22/01/2020;Alerte
66093;66740;2079;2128;80;2;Inondations pluies;Matin;;22/01/2020;7;22/01/2020;Alerte
66162;66320;363;522;80;2;Inondations pluies;Matin;;22/01/2020;7;22/01/2020;Alerte
66009;66150;2891;2700;80;2;Inondations pluies;Matin;;22/01/2020;7;22/01/2020;Alerte
66165;66320;1860;621;80;2;Inondations pluies;Matin;;22/01/2020;7;22/01/2020;Alerte
66035;66730;1736;47;80;2;Inondations pluies;Matin;;22/01/2020;7;22/01/2020;Alerte
66044;66300;1935;360;80;2;Inondations pluies;Matin;;22/01/2020;7;22/01/2020;Alerte
66113;66110;2200;186;80;2;Inondations pluies;Matin;;22/01/2020;7;22/01/2020;Alerte
66021;66430;573;7197;80;2;Inondations pluies;Matin;;22/01/2020;7;22/01/2020;Alerte
66170;66300;479;134;80;2;Inondations pluies;Matin;;22/01/2020;7;22/01/2020;Alerte
66056;66130;418;1096;80;2;Inondations pluies;Matin;;22/01/2020;7;22/01/2020;Alerte
11384;11330;2478;111;80;2;Inondations pluies;Matin;;22/01/2020;7;22/01/2020;Alerte
66060;66150;4738;238;80;2;Inondations pluies;Matin;;22/01/2020;7;22/01/2020;Alerte
66086;66320;1880;17;80;2;Inondations pluies;Matin;;22/01/2020;7;22/01/2020;Alerte
66141;66380;1342;7786;80;2;Inondations pluies;Matin;;22/01/2020;7;22/01/2020;Alerte
66059;66200;537;2198;80;2;Inondations pluies;Matin;;22/01/2020;7;22/01/2020;Alerte
66208;66200;487;1509;80;2;Inondations pluies;Matin;;22/01/2020;7;22/01/2020;Alerte
66185;66130;887;320;80;2;Inondations pluies;Matin;;22/01/2020;7;22/01/2020;Alerte
66180;66250;1745;9014;80;2;Inondations pluies;Matin;;22/01/2020;7;22/01/2020;Alerte
66144;66450;833;4565;80;2;Inondations pluies;Matin;;22/01/2020;7;22/01/2020;Alerte
66074;66500;2023;406;80;2;Inondations pluies;Matin;;22/01/2020;7;22/01/2020;Alerte
66114;66200;611;1690;80;2;Inondations pluies;Matin;;22/01/2020;7;22/01/2020;Alerte
66226;66300;597;1203;80;2;Inondations pluies;Matin;;22/01/2020;7;22/01/2020;Alerte
66115;66740;1727;1185;80;2;Inondations pluies;Matin;;22/01/2020;7;22/01/2020;Alerte
66138;66600;809;1348;80;2;Inondations pluies;Matin;;22/01/2020;7;22/01/2020;Alerte
66184;66220;936;57;80;2;Inondations pluies;Matin;;22/01/2020;7;22/01/2020;Alerte
66069;66600;2731;3229;80;2;Inondations pluies;Matin;;22/01/2020;7;22/01/2020;Alerte
66230;66320;781;1939;80;2;Inondations pluies;Matin;;22/01/2020;7;22/01/2020;Alerte
66213;66350;803;6248;80;2;Inondations pluies;Matin;;22/01/2020;7;22/01/2020;Alerte
66070;66320;616;167;80;2;Inondations pluies;Matin;;22/01/2020;7;22/01/2020;Alerte
66106;66480;4261;2672;80;2;Inondations pluies;Matin;;22/01/2020;7;22/01/2020;Alerte
66063;66480;884;261;80;2;Inondations pluies;Matin;;22/01/2020;7;22/01/2020;Alerte
66050;66530;1944;3683;80;2;Inondations pluies;Matin;;22/01/2020;7;22/01/2020;Alerte
66001;66480;1630;83;80;2;Inondations pluies;Matin;;22/01/2020;7;22/01/2020;Alerte
66028;66330;1058;9199;80;2;Inondations pluies;Matin;;22/01/2020;7;22/01/2020;Alerte
66195;66270;1040;7141;80;2;Inondations pluies;Matin;;22/01/2020;7;22/01/2020;Alerte
66233;66490;1125;170;80;2;Inondations pluies;Matin;;22/01/2020;7;22/01/2020;Alerte
66015;66300;1069;1217;80;2;Inondations pluies;Matin;;22/01/2020;7;22/01/2020;Alerte
66214;66300;1118;866;80;2;Inondations pluies;Matin;;22/01/2020;7;22/01/2020;Alerte
66137;66480;422;578;80;2;Inondations pluies;Matin;;22/01/2020;7;22/01/2020;Alerte
66168;66690;975;3200;80;2;Inondations pluies;Matin;;22/01/2020;7;22/01/2020;Alerte
66011;66670;1205;3933;80;2;Inondations pluies;Matin;;22/01/2020;7;22/01/2020;Alerte
66099;66300;840;322;80;2;Inondations pluies;Matin;;22/01/2020;7;22/01/2020;Alerte
66092;66720;531;104;80;2;Inondations pluies;Matin;;22/01/2020;7;22/01/2020;Alerte
66039;66720;1424;146;80;2;Inondations pluies;Matin;;22/01/2020;7;22/01/2020;Alerte
66042;66720;1528;256;80;2;Inondations pluies;Matin;;22/01/2020;7;22/01/2020;Alerte
66026;66620;798;1122;80;2;Inondations pluies;Matin;;22/01/2020;7;22/01/2020;Alerte
66221;66320;2789;44;80;2;Inondations pluies;Matin;;22/01/2020;7;22/01/2020;Alerte
66022;66130;2343;64;80;2;Inondations pluies;Matin;;22/01/2020;7;22/01/2020;Alerte
66148;66660;1477;4240;80;2;Inondations pluies;Matin;;22/01/2020;7;22/01/2020;Alerte
66073;66320;2612;155;80;2;Inondations pluies;Matin;;22/01/2020;7;22/01/2020;Alerte
66211;66300;1002;168;80;2;Inondations pluies;Matin;;22/01/2020;7;22/01/2020;Alerte
66127;66600;4860;953;80;2;Inondations pluies;Matin;;22/01/2020;7;22/01/2020;Alerte
66089;66320;346;238;80;2;Inondations pluies;Matin;;22/01/2020;7;22/01/2020;Alerte
66003;66110;2940;3688;80;2;Inondations pluies;Matin;;22/01/2020;7;22/01/2020;Alerte
66126;66400;1887;311;80;2;Inondations pluies;Matin;;22/01/2020;7;22/01/2020;Alerte
66014;66390;1902;2567;80;2;Inondations pluies;Matin;;22/01/2020;7;22/01/2020;Alerte
66217;66300;1721;1816;80;2;Inondations pluies;Matin;;22/01/2020;7;22/01/2020;Alerte
66055;66130;730;672;80;2;Inondations pluies;Matin;;22/01/2020;7;22/01/2020;Alerte
66205;66720;5371;890;80;2;Inondations pluies;Matin;;22/01/2020;7;22/01/2020;Alerte
66231;66600;3250;629;80;2;Inondations pluies;Matin;;22/01/2020;7;22/01/2020;Alerte
66071;66310;2087;1939;80;2;Inondations pluies;Matin;;22/01/2020;7;22/01/2020;Alerte
66037;66140;3025;13091;80;2;Inondations pluies;Matin;;22/01/2020;7;22/01/2020;Alerte
66088;66130;3168;5303;80;2;Inondations pluies;Matin;;22/01/2020;7;22/01/2020;Alerte
66176;66510;2558;2601;80;2;Inondations pluies;Matin;;22/01/2020;7;22/01/2020;Alerte
66164;66600;2880;8167;80;2;Inondations pluies;Matin;;22/01/2020;7;22/01/2020;Alerte
11326;11350;1614;75;80;2;Inondations pluies;Matin;;22/01/2020;7;22/01/2020;Alerte
66228;66610;443;1298;80;2;Inondations pluies;Matin;;22/01/2020;7;22/01/2020;Alerte
66189;66280;619;4696;80;2;Inondations pluies;Matin;;22/01/2020;7;22/01/2020;Alerte
66179;66260;4494;1240;80;2;Inondations pluies;Matin;;22/01/2020;7;22/01/2020;Alerte
66030;66600;2388;219;80;2;Inondations pluies;Matin;;22/01/2020;7;22/01/2020;Alerte
66175;66740;997;2763;80;2;Inondations pluies;Matin;;22/01/2020;7;22/01/2020;Alerte
66133;66690;1041;2950;80;2;Inondations pluies;Matin;;22/01/2020;7;22/01/2020;Alerte
66076;66730;673;53;80;2;Inondations pluies;Matin;;22/01/2020;7;22/01/2020;Alerte
66198;66730;3015;491;80;2;Inondations pluies;Matin;;22/01/2020;7;22/01/2020;Alerte
66186;66570;1040;2516;80;2;Inondations pluies;Matin;;22/01/2020;7;22/01/2020;Alerte
66094;66200;336;2148;80;2;Inondations pluies;Matin;;22/01/2020;7;22/01/2020;Alerte
66041;66600;1349;810;80;2;Inondations pluies;Matin;;22/01/2020;7;22/01/2020;Alerte
66196;66690;3472;3050;80;2;Inondations pluies;Matin;;22/01/2020;7;22/01/2020;Alerte
66212;66440;1756;3248;80;2;Inondations pluies;Matin;;22/01/2020;7;22/01/2020;Alerte
66232;66220;1300;31;80;2;Inondations pluies;Matin;;22/01/2020;7;22/01/2020;Alerte
66201;66320;824;56;80;2;Inondations pluies;Matin;;22/01/2020;7;22/01/2020;Alerte
66033;66300;1299;418;80;2;Inondations pluies;Matin;;22/01/2020;7;22/01/2020;Alerte
66234;66730;1300;95;80;2;Inondations pluies;Matin;;22/01/2020;7;22/01/2020;Alerte
66224;66410;723;3156;80;2;Inondations pluies;Matin;;22/01/2020;7;22/01/2020;Alerte
66053;66190;1202;3036;80;2;Inondations pluies;Matin;;22/01/2020;7;22/01/2020;Alerte
66018;66110;1546;81;80;2;Inondations pluies;Matin;;22/01/2020;7;22/01/2020;Alerte
66077;66220;1888;85;80;2;Inondations pluies;Matin;;22/01/2020;7;22/01/2020;Alerte
66215;66130;1741;128;80;2;Inondations pluies;Matin;;22/01/2020;7;22/01/2020;Alerte
66019;66720;2048;223;80;2;Inondations pluies;Matin;;22/01/2020;7;22/01/2020;Alerte
66016;66650;4319;4661;80;2;Inondations pluies;Matin;;22/01/2020;7;22/01/2020;Alerte
66153;66130;2181;56;80;2;Inondations pluies;Matin;;22/01/2020;7;22/01/2020;Alerte
66227;66180;1160;3800;80;2;Inondations pluies;Matin;;22/01/2020;7;22/01/2020;Alerte
66216;66220;918;62;80;2;Inondations pluies;Matin;;22/01/2020;7;22/01/2020;Alerte
66203;66110;629;50;80;2;Inondations pluies;Matin;;22/01/2020;7;22/01/2020;Alerte
66183;66110;1556;94;80;2;Inondations pluies;Matin;;22/01/2020;7;22/01/2020;Alerte
66118;66720;1109;317;80;2;Inondations pluies;Matin;;22/01/2020;7;22/01/2020;Alerte
66143;66720;629;103;80;2;Inondations pluies;Matin;;22/01/2020;7;22/01/2020;Alerte
66046;66220;3765;634;80;2;Inondations pluies;Matin;;22/01/2020;7;22/01/2020;Alerte
66097;66220;1567;176;80;2;Inondations pluies;Matin;;22/01/2020;7;22/01/2020;Alerte
66111;66130;1606;148;80;2;Inondations pluies;Matin;;22/01/2020;7;22/01/2020;Alerte
66029;66300;2795;128;80;2;Inondations pluies;Matin;;22/01/2020;7;22/01/2020;Alerte
66083;66220;442;39;80;2;Inondations pluies;Matin;;22/01/2020;7;22/01/2020;Alerte
66158;66720;1382;160;80;2;Inondations pluies;Matin;;22/01/2020;7;22/01/2020;Alerte
66129;66560;850;1296;80;2;Inondations pluies;Matin;;22/01/2020;7;22/01/2020;Alerte
66210;66300;1998;7248;80;2;Inondations pluies;Matin;;22/01/2020;7;22/01/2020;Alerte
66013;66320;1780;97;80;2;Inondations pluies;Matin;;22/01/2020;7;22/01/2020;Alerte
66023;66130;1078;859;80;2;Inondations pluies;Matin;;22/01/2020;7;22/01/2020;Alerte
11401;11350;5965;814;80;2;Inondations pluies;Matin;;22/01/2020;7;22/01/2020;Alerte
66017;66420;1539;4108;80;2;Inondations pluies;Matin;;22/01/2020;7;22/01/2020;Alerte
66140;66370;1640;3286;80;2;Inondations pluies;Matin;;22/01/2020;7;22/01/2020;Alerte
66121;66170;888;1189;80;2;Inondations pluies;Matin;;22/01/2020;7;22/01/2020;Alerte
66040;66130;706;39;80;2;Inondations pluies;Matin;;22/01/2020;7;22/01/2020;Alerte
11245;11330;1686;53;80;2;Inondations pluies;Matin;;22/01/2020;7;22/01/2020;Alerte
11123;11350;2122;139;80;2;Inondations pluies;Matin;;22/01/2020;7;22/01/2020;Alerte
66178;66490;1066;2035;80;2;Inondations pluies;Matin;;22/01/2020;7;22/01/2020;Alerte
66006;66220;796;196;80;2;Inondations pluies;Matin;;22/01/2020;7;22/01/2020;Alerte
66169;66220;690;121;80;2;Inondations pluies;Matin;;22/01/2020;7;22/01/2020;Alerte
66032;66400;1342;65;80;2;Inondations pluies;Matin;;22/01/2020;7;22/01/2020;Alerte
66151;66730;844;72;80;2;Inondations pluies;Matin;;22/01/2020;7;22/01/2020;Alerte
